,1 second,2 seconds,3 seconds,5 seconds,6 seconds,10 seconds,15 seconds,30 seconds,1 minute,2 minutes
mean,0.083899,0.100982,0.108426,0.112152,0.111875,0.105751,0.094233,0.068777,0.046439,0.032823
std,0.046414,0.056143,0.061806,0.070251,0.074058,0.086463,0.098650,0.125105,0.160852,0.205967
min,-1.001113,-1.087836,-1.135966,-1.085278,-1.056745,-1.226272,-1.214433,-1.597882,-1.359837,-1.685964
1%,-0.013553,-0.024824,-0.033492,-0.051838,-0.061424,-0.098730,-0.140703,-0.232887,-0.343977,-0.472237
25%,0.053702,0.065038,0.068962,0.066996,0.064036,0.049498,0.029932,-0.012565,-0.057649,-0.098456
50%,0.081572,0.099856,0.107933,0.112097,0.111810,0.105945,0.094494,0.069145,0.047030,0.033761
75%,0.112077,0.136450,0.148040,0.157861,0.160266,0.162782,0.159450,0.151585,0.152572,0.167058
99%,0.201031,0.234394,0.252702,0.274820,0.283416,0.305597,0.322633,0.359284,0.421736,0.517113
